Workbook

Sheet Weekly Planner
A1: Weekly Planner
AN2: Monday_total | AO2: Monday_completed | AP2: Monday_remaining | AQ2: Monday_progress | AS2: Tuesday_total | AT2: Tuesday_completed | AU2: Tuesday_remaining | AV2: Tuesday_progress | AX2: Wednesday_total | AY2: Wednesday_completed | AZ2: Wednesday_remaining | BA2: Wednesday_progress | BC2: Thursday_total | BD2: Thursday_completed | BE2: Thursday_remaining | BF2: Thursday_progress | BH2: Friday_total | BI2: Friday_completed | BJ2: Friday_remaining | BK2: Friday_progress
A3: Week starting (Monday): | B3: 45964 | D3: Enter tasks, then set Done to 1 (dropdown). | AN3: =COUNTIF(A16:A27,"<>") | AO3: =SUMPRODUCT(--(A16:A27<>""),F16:F27) | AP3: =MAX(0,AN3-AO3) | AQ3: =IFERROR(AO3/AN3,0) | AS3: =COUNTIF(G16:G27,"<>") | AT3: =SUMPRODUCT(--(G16:G27<>""),L16:L27) | AU3: =MAX(0,AS3-AT3) | AV3: =IFERROR(AT3/AS3,0) | AX3: =COUNTIF(M16:M27,"<>") | AY3: =SUMPRODUCT(--(M16:M27<>""),R16:R27) | AZ3: =MAX(0,AX3-AY3) | BA3: =IFERROR(AY3/AX3,0) | BC3: =COUNTIF(S16:S27,"<>") | BD3: =SUMPRODUCT(--(S16:S27<>""),X16:X27) | BE3: =MAX(0,BC3-BD3) | BF3: =IFERROR(BD3/BC3,0) | BH3: =COUNTIF(Y16:Y27,"<>") | BI3: =SUMPRODUCT(--(Y16:Y27<>""),AD16:AD27) | BJ3: =MAX(0,BH3-BI3) | BK3: =IFERROR(BI3/BH3,0)
A5: Monday | G5: Tuesday | M5: Wednesday | S5: Thursday | Y5: Friday
A6: =$B$3+0 | G6: =$B$3+1 | M6: =$B$3+2 | S6: =$B$3+3 | Y6: =$B$3+4
AN7: Completed | AO7: =AO3 | AS7: Completed | AT7: =AT3 | AX7: Completed | AY7: =AY3 | BC7: Completed | BD7: =BD3 | BH7: Completed | BI7: =BI3
B8: =AQ3 | H8: =AV3 | N8: =BA3 | T8: =BF3 | Z8: =BK3 | AN8: Remaining | AO8: =AP3 | AS8: Remaining | AT8: =AU3 | AX8: Remaining | AY8: =AZ3 | BC8: Remaining | BD8: =BE3 | BH8: Remaining | BI8: =BJ3
A15: Tasks | F15: Done | G15: Tasks | L15: Done | M15: Tasks | R15: Done | S15: Tasks | X15: Done | Y15: Tasks | AD15: Done
F16: 0 | L16: 0 | R16: 0 | X16: 0 | AD16: 0
F17: 0 | L17: 0 | R17: 0 | X17: 0 | AD17: 0
F18: 0 | L18: 0 | R18: 0 | X18: 0 | AD18: 0
F19: 0 | L19: 0 | R19: 0 | X19: 0 | AD19: 0
F20: 0 | L20: 0 | R20: 0 | X20: 0 | AD20: 0
F21: 0 | L21: 0 | R21: 0 | X21: 0 | AD21: 0
F22: 0 | L22: 0 | R22: 0 | X22: 0 | AD22: 0
F23: 0 | L23: 0 | R23: 0 | X23: 0 | AD23: 0
F24: 0 | L24: 0 | R24: 0 | X24: 0 | AD24: 0
F25: 0 | L25: 0 | R25: 0 | X25: 0 | AD25: 0
F26: 0 | L26: 0 | R26: 0 | X26: 0 | AD26: 0
F27: 0 | L27: 0 | R27: 0 | X27: 0 | AD27: 0
A28: Completed | F28: =AO3 | G28: Completed | L28: =AT3 | M28: Completed | R28: =AY3 | S28: Completed | X28: =BD3 | Y28: Completed | AD28: =BI3
A29: Not Completed | F29: =AP3 | G29: Not Completed | L29: =AU3 | M29: Not Completed | R29: =AZ3 | S29: Not Completed | X29: =BE3 | Y29: Not Completed | AD29: =BJ3

Sheet Monthly Habits
A1: Monthly Habits | D1: Number of habits | F1: Completed habits | H1: Progress
D2: =COUNTA($A$9:$A$18) | F2: =SUM($B$9:$AF$18) | H2: =IFERROR($F$2/(D2*DAY(EOMONTH($B$3,0))),0)
A3: Month start date (1st): | B3: 45962 | D3: Mark completion as 1 (dropdown). It will display ☑ and turn green.
A4: =TEXT($B$3,"mmmm")
A6: My Habits | B6: Week 1 | I6: Week 2 | P6: Week 3 | W6: Week 4 | AD6: Week 5
B7: =LEFT(TEXT(=$B$3+0,"ddd"),2) | C7: =LEFT(TEXT(=$B$3+1,"ddd"),2) | D7: =LEFT(TEXT(=$B$3+2,"ddd"),2) | E7: =LEFT(TEXT(=$B$3+3,"ddd"),2) | F7: =LEFT(TEXT(=$B$3+4,"ddd"),2) | G7: =LEFT(TEXT(=$B$3+5,"ddd"),2) | H7: =LEFT(TEXT(=$B$3+6,"ddd"),2) | I7: =LEFT(TEXT(=$B$3+7,"ddd"),2) | J7: =LEFT(TEXT(=$B$3+8,"ddd"),2) | K7: =LEFT(TEXT(=$B$3+9,"ddd"),2) | L7: =LEFT(TEXT(=$B$3+10,"ddd"),2) | M7: =LEFT(TEXT(=$B$3+11,"ddd"),2) | N7: =LEFT(TEXT(=$B$3+12,"ddd"),2) | O7: =LEFT(TEXT(=$B$3+13,"ddd"),2) | P7: =LEFT(TEXT(=$B$3+14,"ddd"),2) | Q7: =LEFT(TEXT(=$B$3+15,"ddd"),2) | R7: =LEFT(TEXT(=$B$3+16,"ddd"),2) | S7: =LEFT(TEXT(=$B$3+17,"ddd"),2) | T7: =LEFT(TEXT(=$B$3+18,"ddd"),2) | U7: =LEFT(TEXT(=$B$3+19,"ddd"),2) | V7: =LEFT(TEXT(=$B$3+20,"ddd"),2) | W7: =LEFT(TEXT(=$B$3+21,"ddd"),2) | X7: =LEFT(TEXT(=$B$3+22,"ddd"),2) | Y7: =IF(MONTH($B$3+0)=MONTH($B$3),LEFT(TEXT($B$3+0,"ddd"),2),"") | Z7: =IF(MONTH($B$3+1)=MONTH($B$3),LEFT(TEXT($B$3+1,"ddd"),2),"") | AA7: =IF(MONTH($B$3+2)=MONTH($B$3),LEFT(TEXT($B$3+2,"ddd"),2),"") | AB7: =IF(MONTH($B$3+3)=MONTH($B$3),LEFT(TEXT($B$3+3,"ddd"),2),"") | AC7: =IF(MONTH($B$3+4)=MONTH($B$3),LEFT(TEXT($B$3+4,"ddd"),2),"") | AD7: =IF(MONTH($B$3+5)=MONTH($B$3),LEFT(TEXT($B$3+5,"ddd"),2),"") | AE7: =IF(MONTH($B$3+6)=MONTH($B$3),LEFT(TEXT($B$3+6,"ddd"),2),"") | AF7: =IF(MONTH($B$3+7)=MONTH($B$3),LEFT(TEXT($B$3+7,"ddd"),2),"") | AG7: =IF(MONTH($B$3+8)=MONTH($B$3),LEFT(TEXT($B$3+8,"ddd"),2),"") | AH7: =IF(MONTH($B$3+9)=MONTH($B$3),LEFT(TEXT($B$3+9,"ddd"),2),"") | AI7: =IF(MONTH($B$3+10)=MONTH($B$3),LEFT(TEXT($B$3+10,"ddd"),2),"") | AJ7: =IF(MONTH($B$3+11)=MONTH($B$3),LEFT(TEXT($B$3+11,"ddd"),2),"") | AK7: =IF(MONTH($B$3+12)=MONTH($B$3),LEFT(TEXT($B$3+12,"ddd"),2),"") | AL7: =IF(MONTH($B$3+13)=MONTH($B$3),LEFT(TEXT($B$3+13,"ddd"),2),"") | AM7: =IF(MONTH($B$3+14)=MONTH($B$3),LEFT(TEXT($B$3+14,"ddd"),2),"") | AN7: =IF(MONTH($B$3+15)=MONTH($B$3),LEFT(TEXT($B$3+15,"ddd"),2),"") | AO7: =IF(MONTH($B$3+16)=MONTH($B$3),LEFT(TEXT($B$3+16,"ddd"),2),"") | AP7: =IF(MONTH($B$3+17)=MONTH($B$3),LEFT(TEXT($B$3+17,"ddd"),2),"") | AQ7: =IF(MONTH($B$3+18)=MONTH($B$3),LEFT(TEXT($B$3+18,"ddd"),2),"") | AR7: =IF(MONTH($B$3+19)=MONTH($B$3),LEFT(TEXT($B$3+19,"ddd"),2),"") | AS7: =IF(MONTH($B$3+20)=MONTH($B$3),LEFT(TEXT($B$3+20,"ddd"),2),"") | AT7: =IF(MONTH($B$3+21)=MONTH($B$3),LEFT(TEXT($B$3+21,"ddd"),2),"") | AU7: =IF(MONTH($B$3+22)=MONTH($B$3),LEFT(TEXT($B$3+22,"ddd"),2),"") | AV7: =IF(MONTH($B$3+23)=MONTH($B$3),LEFT(TEXT($B$3+23,"ddd"),2),"") | AW7: =IF(MONTH($B$3+24)=MONTH($B$3),LEFT(TEXT($B$3+24,"ddd"),2),"") | AX7: =IF(MONTH($B$3+25)=MONTH($B$3),LEFT(TEXT($B$3+25,"ddd"),2),"") | AY7: =IF(MONTH($B$3+26)=MONTH($B$3),LEFT(TEXT($B$3+26,"ddd"),2),"") | AZ7: =IF(MONTH($B$3+27)=MONTH($B$3),LEFT(TEXT($B$3+27,"ddd"),2),"") | BA7: =IF(MONTH($B$3+28)=MONTH($B$3),LEFT(TEXT($B$3+28,"ddd"),2),"") | BB7: =IF(MONTH($B$3+29)=MONTH($B$3),LEFT(TEXT($B$3+29,"ddd"),2),"") | BC7: =IF(MONTH($B$3+30)=MONTH($B$3),LEFT(TEXT($B$3+30,"ddd"),2),"")
B8: =DAY(=$B$3+0) | C8: =DAY(=$B$3+1) | D8: =DAY(=$B$3+2) | E8: =DAY(=$B$3+3) | F8: =DAY(=$B$3+4) | G8: =DAY(=$B$3+5) | H8: =DAY(=$B$3+6) | I8: =DAY(=$B$3+7) | J8: =DAY(=$B$3+8) | K8: =DAY(=$B$3+9) | L8: =DAY(=$B$3+10) | M8: =DAY(=$B$3+11) | N8: =DAY(=$B$3+12) | O8: =DAY(=$B$3+13) | P8: =DAY(=$B$3+14) | Q8: =DAY(=$B$3+15) | R8: =DAY(=$B$3+16) | S8: =DAY(=$B$3+17) | T8: =DAY(=$B$3+18) | U8: =DAY(=$B$3+19) | V8: =DAY(=$B$3+20) | W8: =DAY(=$B$3+21) | X8: =DAY(=$B$3+22) | Y8: =IF(MONTH($B$3+0)=MONTH($B$3),DAY($B$3+0),"") | Z8: =IF(MONTH($B$3+1)=MONTH($B$3),DAY($B$3+1),"") | AA8: =IF(MONTH($B$3+2)=MONTH($B$3),DAY($B$3+2),"") | AB8: =IF(MONTH($B$3+3)=MONTH($B$3),DAY($B$3+3),"") | AC8: =IF(MONTH($B$3+4)=MONTH($B$3),DAY($B$3+4),"") | AD8: =IF(MONTH($B$3+5)=MONTH($B$3),DAY($B$3+5),"") | AE8: =IF(MONTH($B$3+6)=MONTH($B$3),DAY($B$3+6),"") | AF8: =IF(MONTH($B$3+7)=MONTH($B$3),DAY($B$3+7),"") | AG8: =IF(MONTH($B$3+8)=MONTH($B$3),DAY($B$3+8),"") | AH8: =IF(MONTH($B$3+9)=MONTH($B$3),DAY($B$3+9),"") | AI8: =IF(MONTH($B$3+10)=MONTH($B$3),DAY($B$3+10),"") | AJ8: =IF(MONTH($B$3+11)=MONTH($B$3),DAY($B$3+11),"") | AK8: =IF(MONTH($B$3+12)=MONTH($B$3),DAY($B$3+12),"") | AL8: =IF(MONTH($B$3+13)=MONTH($B$3),DAY($B$3+13),"") | AM8: =IF(MONTH($B$3+14)=MONTH($B$3),DAY($B$3+14),"") | AN8: =IF(MONTH($B$3+15)=MONTH($B$3),DAY($B$3+15),"") | AO8: =IF(MONTH($B$3+16)=MONTH($B$3),DAY($B$3+16),"") | AP8: =IF(MONTH($B$3+17)=MONTH($B$3),DAY($B$3+17),"") | AQ8: =IF(MONTH($B$3+18)=MONTH($B$3),DAY($B$3+18),"") | AR8: =IF(MONTH($B$3+19)=MONTH($B$3),DAY($B$3+19),"") | AS8: =IF(MONTH($B$3+20)=MONTH($B$3),DAY($B$3+20),"") | AT8: =IF(MONTH($B$3+21)=MONTH($B$3),DAY($B$3+21),"") | AU8: =IF(MONTH($B$3+22)=MONTH($B$3),DAY($B$3+22),"") | AV8: =IF(MONTH($B$3+23)=MONTH($B$3),DAY($B$3+23),"") | AW8: =IF(MONTH($B$3+24)=MONTH($B$3),DAY($B$3+24),"") | AX8: =IF(MONTH($B$3+25)=MONTH($B$3),DAY($B$3+25),"") | AY8: =IF(MONTH($B$3+26)=MONTH($B$3),DAY($B$3+26),"") | AZ8: =IF(MONTH($B$3+27)=MONTH($B$3),DAY($B$3+27),"") | BA8: =IF(MONTH($B$3+28)=MONTH($B$3),DAY($B$3+28),"") | BB8: =IF(MONTH($B$3+29)=MONTH($B$3),DAY($B$3+29),"") | BC8: =IF(MONTH($B$3+30)=MONTH($B$3),DAY($B$3+30),"")
A9: Wake up at 05:00 ⏰ | B9: 0 | C9: 0 | D9: 0 | E9: 0 | F9: 0 | G9: 0 | H9: 0 | I9: 0 | J9: 0 | K9: 0 | L9: 0 | M9: 0 | N9: 0 | O9: 0 | P9: 0 | Q9: 0 | R9: 0 | S9: 0 | T9: 0 | U9: 0 | V9: 0 | W9: 0 | X9: 0 | Y9: 0 | Z9: 0 | AA9: 0 | AB9: 0 | AC9: 0 | AD9: 0 | AE9: 0 | AF9: 0
A10: Gym 💪 | B10: 0 | C10: 0 | D10: 0 | E10: 0 | F10: 0 | G10: 0 | H10: 0 | I10: 0 | J10: 0 | K10: 0 | L10: 0 | M10: 0 | N10: 0 | O10: 0 | P10: 0 | Q10: 0 | R10: 0 | S10: 0 | T10: 0 | U10: 0 | V10: 0 | W10: 0 | X10: 0 | Y10: 0 | Z10: 0 | AA10: 0 | AB10: 0 | AC10: 0 | AD10: 0 | AE10: 0 | AF10: 0
A11: Stop Watching Porn 💦 | B11: 0 | C11: 0 | D11: 0 | E11: 0 | F11: 0 | G11: 0 | H11: 0 | I11: 0 | J11: 0 | K11: 0 | L11: 0 | M11: 0 | N11: 0 | O11: 0 | P11: 0 | Q11: 0 | R11: 0 | S11: 0 | T11: 0 | U11: 0 | V11: 0 | W11: 0 | X11: 0 | Y11: 0 | Z11: 0 | AA11: 0 | AB11: 0 | AC11: 0 | AD11: 0 | AE11: 0 | AF11: 0
A12: Reading / Learning 📖 | B12: 0 | C12: 0 | D12: 0 | E12: 0 | F12: 0 | G12: 0 | H12: 0 | I12: 0 | J12: 0 | K12: 0 | L12: 0 | M12: 0 | N12: 0 | O12: 0 | P12: 0 | Q12: 0 | R12: 0 | S12: 0 | T12: 0 | U12: 0 | V12: 0 | W12: 0 | X12: 0 | Y12: 0 | Z12: 0 | AA12: 0 | AB12: 0 | AC12: 0 | AD12: 0 | AE12: 0 | AF12: 0
A13: Budget Tracking 💰 | B13: 0 | C13: 0 | D13: 0 | E13: 0 | F13: 0 | G13: 0 | H13: 0 | I13: 0 | J13: 0 | K13: 0 | L13: 0 | M13: 0 | N13: 0 | O13: 0 | P13: 0 | Q13: 0 | R13: 0 | S13: 0 | T13: 0 | U13: 0 | V13: 0 | W13: 0 | X13: 0 | Y13: 0 | Z13: 0 | AA13: 0 | AB13: 0 | AC13: 0 | AD13: 0 | AE13: 0 | AF13: 0
A14: Project Work 🎯 | B14: 0 | C14: 0 | D14: 0 | E14: 0 | F14: 0 | G14: 0 | H14: 0 | I14: 0 | J14: 0 | K14: 0 | L14: 0 | M14: 0 | N14: 0 | O14: 0 | P14: 0 | Q14: 0 | R14: 0 | S14: 0 | T14: 0 | U14: 0 | V14: 0 | W14: 0 | X14: 0 | Y14: 0 | Z14: 0 | AA14: 0 | AB14: 0 | AC14: 0 | AD14: 0 | AE14: 0 | AF14: 0
A15: No Alcohol 🍾 | B15: 0 | C15: 0 | D15: 0 | E15: 0 | F15: 0 | G15: 0 | H15: 0 | I15: 0 | J15: 0 | K15: 0 | L15: 0 | M15: 0 | N15: 0 | O15: 0 | P15: 0 | Q15: 0 | R15: 0 | S15: 0 | T15: 0 | U15: 0 | V15: 0 | W15: 0 | X15: 0 | Y15: 0 | Z15: 0 | AA15: 0 | AB15: 0 | AC15: 0 | AD15: 0 | AE15: 0 | AF15: 0
A16: Social Media Detox 🌿 | B16: 0 | C16: 0 | D16: 0 | E16: 0 | F16: 0 | G16: 0 | H16: 0 | I16: 0 | J16: 0 | K16: 0 | L16: 0 | M16: 0 | N16: 0 | O16: 0 | P16: 0 | Q16: 0 | R16: 0 | S16: 0 | T16: 0 | U16: 0 | V16: 0 | W16: 0 | X16: 0 | Y16: 0 | Z16: 0 | AA16: 0 | AB16: 0 | AC16: 0 | AD16: 0 | AE16: 0 | AF16: 0
A17: Goal Journaling 📝 | B17: 0 | C17: 0 | D17: 0 | E17: 0 | F17: 0 | G17: 0 | H17: 0 | I17: 0 | J17: 0 | K17: 0 | L17: 0 | M17: 0 | N17: 0 | O17: 0 | P17: 0 | Q17: 0 | R17: 0 | S17: 0 | T17: 0 | U17: 0 | V17: 0 | W17: 0 | X17: 0 | Y17: 0 | Z17: 0 | AA17: 0 | AB17: 0 | AC17: 0 | AD17: 0 | AE17: 0 | AF17: 0
A18: Cold Shower 🚿 | B18: 0 | C18: 0 | D18: 0 | E18: 0 | F18: 0 | G18: 0 | H18: 0 | I18: 0 | J18: 0 | K18: 0 | L18: 0 | M18: 0 | N18: 0 | O18: 0 | P18: 0 | Q18: 0 | R18: 0 | S18: 0 | T18: 0 | U18: 0 | V18: 0 | W18: 0 | X18: 0 | Y18: 0 | Z18: 0 | AA18: 0 | AB18: 0 | AC18: 0 | AD18: 0 | AE18: 0 | AF18: 0
A20: Progress | B20: =IFERROR(SUM(B9:B18)/$D$2,0) | C20: =IFERROR(SUM(C9:C18)/$D$2,0) | D20: =IFERROR(SUM(D9:D18)/$D$2,0) | E20: =IFERROR(SUM(E9:E18)/$D$2,0) | F20: =IFERROR(SUM(F9:F18)/$D$2,0) | G20: =IFERROR(SUM(G9:G18)/$D$2,0) | H20: =IFERROR(SUM(H9:H18)/$D$2,0) | I20: =IFERROR(SUM(I9:I18)/$D$2,0) | ... X20: =IFERROR(SUM(X9:X18)/$D$2,0) | Y20: =IF(MONTH($B$3+0)=MONTH($B$3),IFERROR(SUM(Y9:Y18)/$D$2,0),"") | Z20: =IF(MONTH($B$3+1)=MONTH($B$3),IFERROR(SUM(Z9:Z18)/$D$2,0),"") | AA20: =IF(MONTH($B$3+2)=MONTH($B$3),IFERROR(SUM(AA9:AA18)/$D$2,0),"") | AB20: =IF(MONTH($B$3+3)=MONTH($B$3),IFERROR(SUM(AB9:AB18)/$D$2,0),"") | AC20: =IF(MONTH($B$3+4)=MONTH($B$3),IFERROR(SUM(AC9:AC18)/$D$2,0),"") | AD20: =IF(MONTH($B$3+5)=MONTH($B$3),IFERROR(SUM(AD9:AD18)/$D$2,0),"") | AE20: =IF(MONTH($B$3+6)=MONTH($B$3),IFERROR(SUM(AE9:AE18)/$D$2,0),"") | AF20: =IF(MONTH($B$3+7)=MONTH($B$3),IFERROR(SUM(AF9:AF18)/$D$2,0),"") | AG20: =IF(MONTH($B$3+8)=MONTH($B$3),IFERROR(SUM(AG9:AG18)/$D$2,0),"") | AH20: =IF(MONTH($B$3+9)=MONTH($B$3),IFERROR(SUM(AH9:AH18)/$D$2,0),"") | AI20: =IF(MONTH($B$3+10)=MONTH($B$3),IFERROR(SUM(AI9:AI18)/$D$2,0),"") | AJ20: =IF(MONTH($B$3+11)=MONTH($B$3),IFERROR(SUM(AJ9:AJ18)/$D$2,0),"") | AK20: =IF(MONTH($B$3+12)=MONTH($B$3),IFERROR(SUM(AK9:AK18)/$D$2,0),"") | AL20: =IF(MONTH($B$3+13)=MONTH($B$3),IFERROR(SUM(AL9:AL18)/$D$2,0),"") | AM20: =IF(MONTH($B$3+14)=MONTH($B$3),IFERROR(SUM(AM9:AM18)/$D$2,0),"") | AN20: =IF(MONTH($B$3+15)=MONTH($B$3),IFERROR(SUM(AN9:AN18)/$D$2,0),"") | AO20: =IF(MONTH($B$3+16)=MONTH($B$3),IFERROR(SUM(AO9:AO18)/$D$2,0),"") | AP20: =IF(MONTH($B$3+17)=MONTH($B$3),IFERROR(SUM(AP9:AP18)/$D$2,0),"") | AQ20: =IF(MONTH($B$3+18)=MONTH($B$3),IFERROR(SUM(AQ9:AQ18)/$D$2,0),"") | AR20: =IF(MONTH($B$3+19)=MONTH($B$3),IFERROR(SUM(AR9:AR18)/$D$2,0),"") | AS20: =IF(MONTH($B$3+20)=MONTH($B$3),IFERROR(SUM(AS9:AS18)/$D$2,0),"") | AT20: =IF(MONTH($B$3+21)=MONTH($B$3),IFERROR(SUM(AT9:AT18)/$D$2,0),"") | AU20: =IF(MONTH($B$3+22)=MONTH($B$3),IFERROR(SUM(AU9:AU18)/$D$2,0),"") | AV20: =IF(MONTH($B$3+23)=MONTH($B$3),IFERROR(SUM(AV9:AV18)/$D$2,0),"") | AW20: =IF(MONTH($B$3+24)=MONTH($B$3),IFERROR(SUM(AW9:AW18)/$D$2,0),"") | AX20: =IF(MONTH($B$3+25)=MONTH($B$3),IFERROR(SUM(AX9:AX18)/$D$2,0),"") | AY20: =IF(MONTH($B$3+26)=MONTH($B$3),IFERROR(SUM(AY9:AY18)/$D$2,0),"") | AZ20: =IF(MONTH($B$3+27)=MONTH($B$3),IFERROR(SUM(AZ9:AZ18)/$D$2,0),"") | BA20: =IF(MONTH($B$3+28)=MONTH($B$3),IFERROR(SUM(BA9:BA18)/$D$2,0),"") | BB20: =IF(MONTH($B$3+29)=MONTH($B$3),IFERROR(SUM(BB9:BB18)/$D$2,0),"") | BC20: =IF(MONTH($B$3+30)=MONTH($B$3),IFERROR(SUM(BC9:BC18)/$D$2,0),"")
A21: Done | B21: =SUM(B9:B18) | C21: =SUM(C9:C18) | D21: =SUM(D9:D18) | E21: =SUM(E9:E18) | F21: =SUM(F9:F18) | G21: =SUM(G9:G18) | H21: =SUM(H9:H18) | I21: =SUM(I9:I18) | ... X21: =SUM(X9:X18) | Y21: =IF(MONTH($B$3+0)=MONTH($B$3),SUM(Y9:Y18),"") | Z21: =IF(MONTH($B$3+1)=MONTH($B$3),SUM(Z9:Z18),"") | AA21: =IF(MONTH($B$3+2)=MONTH($B$3),SUM(AA9:AA18),"") | AB21: =IF(MONTH($B$3+3)=MONTH($B$3),SUM(AB9:AB18),"") | AC21: =IF(MONTH($B$3+4)=MONTH($B$3),SUM(AC9:AC18),"") | AD21: =IF(MONTH($B$3+5)=MONTH($B$3),SUM(AD9:AD18),"") | AE21: =IF(MONTH($B$3+6)=MONTH($B$3),SUM(AE9:AE18),"") | AF21: =IF(MONTH($B$3+7)=MONTH($B$3),SUM(AF9:AF18),"") | AG21: =IF(MONTH($B$3+8)=MONTH($B$3),SUM(AG9:AG18),"") | AH21: =IF(MONTH($B$3+9)=MONTH($B$3),SUM(AH9:AH18),"") | AI21: =IF(MONTH($B$3+10)=MONTH($B$3),SUM(AI9:AI18),"") | AJ21: =IF(MONTH($B$3+11)=MONTH($B$3),SUM(AJ9:AJ18),"") | AK21: =IF(MONTH($B$3+12)=MONTH($B$3),SUM(AK9:AK18),"") | AL21: =IF(MONTH($B$3+13)=MONTH($B$3),SUM(AL9:AL18),"") | AM21: =IF(MONTH($B$3+14)=MONTH($B$3),SUM(AM9:AM18),"") | AN21: =IF(MONTH($B$3+15)=MONTH($B$3),SUM(AN9:AN18),"") | AO21: =IF(MONTH($B$3+16)=MONTH($B$3),SUM(AO9:AO18),"") | AP21: =IF(MONTH($B$3+17)=MONTH($B$3),SUM(AP9:AP18),"") | AQ21: =IF(MONTH($B$3+18)=MONTH($B$3),SUM(AQ9:AQ18),"") | AR21: =IF(MONTH($B$3+19)=MONTH($B$3),SUM(AR9:AR18),"") | AS21: =IF(MONTH($B$3+20)=MONTH($B$3),SUM(AS9:AS18),"") | AT21: =IF(MONTH($B$3+21)=MONTH($B$3),SUM(AT9:AT18),"") | AU21: =IF(MONTH($B$3+22)=MONTH($B$3),SUM(AU9:AU18),"") | AV21: =IF(MONTH($B$3+23)=MONTH($B$3),SUM(AV9:AV18),"") | AW21: =IF(MONTH($B$3+24)=MONTH($B$3),SUM(AW9:AW18),"") | AX21: =IF(MONTH($B$3+25)=MONTH($B$3),SUM(AX9:AX18),"") | AY21: =IF(MONTH($B$3+26)=MONTH($B$3),SUM(AY9:AY18),"") | AZ21: =IF(MONTH($B$3+27)=MONTH($B$3),SUM(AZ9:AZ18),"") | BA21: =IF(MONTH($B$3+28)=MONTH($B$3),SUM(BA9:BA18),"") | BB21: =IF(MONTH($B$3+29)=MONTH($B$3),SUM(BB9:BB18),"") | BC21: =IF(MONTH($B$3+30)=MONTH($B$3),SUM(BC9:BC18),"")
A22: Not Done | B22: =MAX(0,$D$2-SUM(B9:B18)) | C22: =MAX(0,$D$2-SUM(C9:C18)) | D22: =MAX(0,$D$2-SUM(D9:D18)) | E22: =MAX(0,$D$2-SUM(E9:E18)) | F22: =MAX(0,$D$2-SUM(F9:F18)) | G22: =MAX(0,$D$2-SUM(G9:G18)) | H22: =MAX(0,$D$2-SUM(H9:H18)) | I22: =MAX(0,$D$2-SUM(I9:I18)) | ... X22: =MAX(0,$D$2-SUM(X9:X18)) | Y22: =IF(MONTH($B$3+0)=MONTH($B$3),MAX(0,$D$2-SUM(Y9:Y18)),"") | Z22: =IF(MONTH($B$3+1)=MONTH($B$3),MAX(0,$D$2-SUM(Z9:Z18)),"") | AA22: =IF(MONTH($B$3+2)=MONTH($B$3),MAX(0,$D$2-SUM(AA9:AA18)),"") | AB22: =IF(MONTH($B$3+3)=MONTH($B$3),MAX(0,$D$2-SUM(AB9:AB18)),"") | AC22: =IF(MONTH($B$3+4)=MONTH($B$3),MAX(0,$D$2-SUM(AC9:AC18)),"") | AD22: =IF(MONTH($B$3+5)=MONTH($B$3),MAX(0,$D$2-SUM(AD9:AD18)),"") | AE22: =IF(MONTH($B$3+6)=MONTH($B$3),MAX(0,$D$2-SUM(AE9:AE18)),"") | AF22: =IF(MONTH($B$3+7)=MONTH($B$3),MAX(0,$D$2-SUM(AF9:AF18)),"") | AG22: =IF(MONTH($B$3+8)=MONTH($B$3),MAX(0,$D$2-SUM(AG9:AG18)),"") | AH22: =IF(MONTH($B$3+9)=MONTH($B$3),MAX(0,$D$2-SUM(AH9:AH18)),"") | AI22: =IF(MONTH($B$3+10)=MONTH($B$3),MAX(0,$D$2-SUM(AI9:AI18)),"") | AJ22: =IF(MONTH($B$3+11)=MONTH($B$3),MAX(0,$D$2-SUM(AJ9:AJ18)),"") | AK22: =IF(MONTH($B$3+12)=MONTH($B$3),MAX(0,$D$2-SUM(AK9:AK18)),"") | AL22: =IF(MONTH($B$3+13)=MONTH($B$3),MAX(0,$D$2-SUM(AL9:AL18)),"") | AM22: =IF(MONTH($B$3+14)=MONTH($B$3),MAX(0,$D$2-SUM(AM9:AM18)),"") | AN22: =IF(MONTH($B$3+15)=MONTH($B$3),MAX(0,$D$2-SUM(AN9:AN18)),"") | AO22: =IF(MONTH($B$3+16)=MONTH($B$3),MAX(0,$D$2-SUM(AO9:AO18)),"") | AP22: =IF(MONTH($B$3+17)=MONTH($B$3),MAX(0,$D$2-SUM(AP9:AP18)),"") | AQ22: =IF(MONTH($B$3+18)=MONTH($B$3),MAX(0,$D$2-SUM(AQ9:AQ18)),"") | AR22: =IF(MONTH($B$3+19)=MONTH($B$3),MAX(0,$D$2-SUM(AR9:AR18)),"") | AS22: =IF(MONTH($B$3+20)=MONTH($B$3),MAX(0,$D$2-SUM(AS9:AS18)),"") | AT22: =IF(MONTH($B$3+21)=MONTH($B$3),MAX(0,$D$2-SUM(AT9:AT18)),"") | AU22: =IF(MONTH($B$3+22)=MONTH($B$3),MAX(0,$D$2-SUM(AU9:AU18)),"") | AV22: =IF(MONTH($B$3+23)=MONTH($B$3),MAX(0,$D$2-SUM(AV9:AV18)),"") | AW22: =IF(MONTH($B$3+24)=MONTH($B$3),MAX(0,$D$2-SUM(AW9:AW18)),"") | AX22: =IF(MONTH($B$3+25)=MONTH($B$3),MAX(0,$D$2-SUM(AX9:AX18)),"") | AY22: =IF(MONTH($B$3+26)=MONTH($B$3),MAX(0,$D$2-SUM(AY9:AY18)),"") | AZ22: =IF(MONTH($B$3+27)=MONTH($B$3),MAX(0,$D$2-SUM(AZ9:AZ18)),"") | BA22: =IF(MONTH($B$3+28)=MONTH($B$3),MAX(0,$D$2-SUM(BA9:BA18)),"") | BB22: =IF(MONTH($B$3+29)=MONTH($B$3),MAX(0,$D$2-SUM(BB9:BB18)),"") | BC22: =IF(MONTH($B$3+30)=MONTH($B$3),MAX(0,$D$2-SUM(BC9:BC18)),"")

Sheet Analysis
A1: Analysis
A3: Overall progress | B3: =IFERROR('Monthly Habits'!$H$2,0) | D3: Progress in % | E3: =B3
A6: Habit | B6: Goal | C6: Actual | D6: Progress
A7: ='Monthly Habits'!$A$9 | B7: =DAY(EOMONTH('Monthly Habits'!$B$3,0)) | C7: =SUM('Monthly Habits'!B9:AF9) | D7: =IFERROR(C7/B7,0)
A8: ='Monthly Habits'!$A$10 | B8: =DAY(EOMONTH('Monthly Habits'!$B$3,0)) | C8: =SUM('Monthly Habits'!B10:AF10) | D8: =IFERROR(C8/B8,0)
A9: ='Monthly Habits'!$A$11 | B9: =DAY(EOMONTH('Monthly Habits'!$B$3,0)) | C9: =SUM('Monthly Habits'!B11:AF11) | D9: =IFERROR(C9/B9,0)
A10: ='Monthly Habits'!$A$12 | B10: =DAY(EOMONTH('Monthly Habits'!$B$3,0)) | C10: =SUM('Monthly Habits'!B12:AF12) | D10: =IFERROR(C10/B10,0)
A11: ='Monthly Habits'!$A$13 | B11: =DAY(EOMONTH('Monthly Habits'!$B$3,0)) | C11: =SUM('Monthly Habits'!B13:AF13) | D11: =IFERROR(C11/B11,0)
A12: ='Monthly Habits'!$A$14 | B12: =DAY(EOMONTH('Monthly Habits'!$B$3,0)) | C12: =SUM('Monthly Habits'!B14:AF14) | D12: =IFERROR(C12/B12,0)
A13: ='Monthly Habits'!$A$15 | B13: =DAY(EOMONTH('Monthly Habits'!$B$3,0)) | C13: =SUM('Monthly Habits'!B15:AF15) | D13: =IFERROR(C13/B13,0)
A14: ='Monthly Habits'!$A$16 | B14: =DAY(EOMONTH('Monthly Habits'!$B$3,0)) | C14: =SUM('Monthly Habits'!B16:AF16) | D14: =IFERROR(C14/B14,0)
A15: ='Monthly Habits'!$A$17 | B15: =DAY(EOMONTH('Monthly Habits'!$B$3,0)) | C15: =SUM('Monthly Habits'!B17:AF17) | D15: =IFERROR(C15/B15,0)
A16: ='Monthly Habits'!$A$18 | B16: =DAY(EOMONTH('Monthly Habits'!$B$3,0)) | C16: =SUM('Monthly Habits'!B18:AF18) | D16: =IFERROR(C16/B16,0)
